-- Include your INSERT SQL statements in this file.
-- Make sure to terminate each statement with a semicolon (;)

-- LEAVE this statement on. It is required to connect to your database.
CONNECT TO COMP421;

-- Remember to put the INSERT statements for the tables with foreign key references
--    ONLY AFTER the insert for the parent tables!

-- This is only an example of how you add INSERT statements to this file.
--   You may remove it.


INSERT INTO User VALUES
('braulio83@example.net','Sibyl','Dooley','81297 Strosin Mountain Apt. 163 Charleschester, WI','2006-08-09','459afcdddc9c43cb7d174b0140c777d8352a1647',419730957,'2019-01-30','Bria Kiehn',576),
('cristal.wunsch@example.net','Filiberto','Witting','20162 Blanda Key New Marinaview, NE 30193-1574','2000-07-12','251127bdaeeb3bfacd9c4b7b35aee545d3e48d86',636030558,'2034-08-10','Timmothy VonRueden',419),
('dickens.johnson@example.com','Era','Dietrich','4065 Marquardt Highway Port Karolann, WA 92594-339','2011-07-25','cb68fddeb2d1773b450fc14485c97ebdc291339f',152180158,'2036-12-02','Prof. Paris Fisher IV',891),
('dmetz@example.com','Charity','Pfeffer','92739 Weissnat Villages Suite 581 Kulasside, ID 22','1997-07-06','6c84e63bc06c40e772ce0477f6fa43b6e4cdf887',932696001,'2028-06-19','Sierra Schumm',284),
('flatley.anais@example.org','Paxton','Block','23800 Jeanie Glen Suite 341 West Camylleburgh, KS ','2006-09-26','3283273191acb4c2470fad85728e366f9f93dbcb',606152452,'2032-10-29','Ollie Robel',991),
('gregory06@example.net','Buddy','Kuhlman','8572 Sherman Mills Port Onafurt, NH 60579','1989-08-17','73770127db2dc728516ff0cd3b3ac6a31eebfad3',899923188,'2035-03-15','Coty Buckridge',790),
('jody41@example.com','Kathlyn','Windler','7540 Gulgowski Row Suite 091 Reillyport, MI 2071','1997-02-22','3c8e656b2fc75e52e77bdcb23f68c210c842e45f',733784374,'2034-02-01','Prof. Amie Steuber Sr.',151),
('kali43@example.com','Izabella','Kuphal','0596 Wunsch Corners Suite 749 Caspershire, ID 1908','2008-01-14','5852dce4f689345e2935600dea89e903157a88a7',230532327,'2040-07-08','Marlin Swift',611),
('kiara.block@example.com','Claire','Feil','674 Macejkovic Locks Ullrichbury, WY 83422-6528','2013-09-01','e8f10dafe1828f1cfe3b0eaaa37914b4b6116460',790748261,'2036-03-28','Mr. Vance Johns',182),
('marcia12@example.org','Jammie','Carroll','722 Antwon Crossing East Lon, NH 06923-1350','1991-10-21','ca405f78275a6eea2672793f42d1bf4ab85291c4',334528339,'2045-01-05','Verdie Hettinger',23),
('norris.gottlieb@example.org','Dallin','Roob','0336 Madison Motorway Apt. 584 New Sallieland, ME ','1991-04-27','08045803ec41c8b0aac8ce4e09a03c97ed1f6dda',138548029,'2041-04-11','Brandy Ondricka',200),
('ostrosin@example.org','Chet','Kutch','5265 Rohan Plain Eloisafort, GA 18163','2013-02-09','0e96ee2a9089cf0f868966c1d180afea4693e353',184331924,'2043-01-05','Brooks Marvin',345),
('shawna46@example.net','Adeline','Walsh','392 Claudine Flats Suite 273 Hattietown, WI 64683-','1988-10-01','b1ef308591104edec840f3351377449d7032a704',641792517,'2030-09-06','Ms. Lolita Rosenbaum DVM',379),
('tabitha36@example.com','Francisca','Bechtelar','551 Davon Motorway Satterfieldchester, OH 26424-64','2009-05-12','a7597e286d44e591881af6af3c779dfc25320f8c',545900790,'2028-04-24','Prof. Brock Heller MD',196),
('tfunk@example.com','Kayli','Wyman','516 Kuhlman Fords East Jameyshire, DE 62978-0137','1994-10-01','e712b0f8208cc01030d4ef56042a142ec0bd56ab',498245878,'2044-01-19','Mr. Andre Borer II',128),
('akilback@example.com','Doyle','Cassin','328 Stiedemann Canyon Apt. 882\nPort Jon, OH 90016-','1993-04-06','3e5dcdaa4c09c6d69f72272b4127d718b43db201',342657101,'2020-05-22','Andres Mante',588),
('amina70@example.net','Noelia','Johns','8431 Joannie Keys\nGrovermouth, FL 95927','1985-03-05','ed598577f66cc0398cdd8a07aa5e675e1ad01a42',907727917,'2043-04-28','Prof. Clint Yost DVM',854),
('annetta.schaden@example.org','Foster','Hayes','607 Schmitt Course\nWizaland, AL 76385-8418','1999-05-15','bdbda822debb17c5ae757773b87e6d71a406d8bf',189642177,'2019-02-13','Jacques Jacobson',369),
('arely58@example.net','Wilton','Krajcik','6421 Cassandre Forge\nDelilahfurt, CO 23504','1991-02-14','e0a1bd6ae3de18fe27555145c98eef504b263547',107726254,'2020-01-03','Ansel Ankunding',284),
('armand08@example.org','Freddie','Metz','021 Marquardt Parks Apt. 301\nTessieland, UT 72318-','2009-11-21','26d3e5bfeea55d8311721266b3d76e18f65e06aa',277499912,'2018-08-07','Dr. Logan Kunde PhD',497),
('bmiller@example.org','Lorine','Kemmer','2699 Hilma Locks Suite 718\nSouth Abigayle, GA 6814','1992-01-27','b3d8bbb0264e715e2889b30268ba0a4e32a9fbc1',505683508,'2039-03-07','Emma Lowe',748),
('bparisian@example.com','Mara','Jacobson','28876 Karlee Ramp\nPort Gunnarfurt, WI 15144-1950','1984-03-03','72ca5a75835c505f84ef7ef40b74285bcf88ac65',284118600,'2044-04-17','Elna Leuschke',387),
('brenna82@example.net','Herman','Rogahn','344 Kaya Locks Suite 728\nTillmanton, AZ 47875','1996-08-06','b692b5c758f141ab49b638df23226c08799f2712',654033425,'2034-02-12','Alexandro Carter',782),
('brown.nelle@example.org','Sterling','Medhurst','5113 Nichole Canyon Suite 326\nEast Skylafurt, KY 7','2006-11-10','4cef12bd3ded38c021f4838d5c0ceac06147af7d',927504370,'2023-01-06','Isadore Kirlin Sr.',958),
('camilla77@example.org','Elsie','Langworth','972 Rosella Centers Apt. 764\nTonichester, WA 79641','1988-03-01','0a4c1c58cb182b8151cf85feda4d928d355d795d',538073154,'2028-11-16','Prof. Laurence Grant III',560),
('cbartell@example.org','Lemuel','Hyatt','41524 Murazik Land Suite 329\nRohanberg, AL 33037','2004-10-16','be641e2d6ab79037b43543a9cce33770957cf3ab',182115746,'2021-07-05','Kathryn Douglas',111),
('christy.spencer@example.net','Erwin','Kub','75177 Ruecker Shoals Suite 679\nWest Hipolitomouth,','1999-08-22','cf30aa6c6896fac42e136cbf0a0121eb511da5da',943959268,'2028-02-13','Michaela Flatley',233),
('cicero08@example.org','Emerald','Gleason','422 Amaya Island Apt. 807\nNorth Vada, AZ 93559-557','2011-02-03','291fe3b62ebe020189008f63bb1c7d0574164d4a',639530883,'2035-09-29','Mr. Lane Gislason',516),
('clara.zulauf@example.org','Grayce','Kassulke','25034 Wehner Stream\nArlenetown, CO 38848','1999-05-15','76ed03b822d16047785b7574c093ada197c5c6c4',210991781,'2034-03-11','Peggie Beer',885),
('cristobal95@example.org','Nathanael','Hilll','0294 Rutherford Island Suite 189\nEast Maceystad, L','1984-08-04','affcaab1e531e3bd7cf03fc9d98b4548bcf88d95',496705926,'2028-01-30','Dr. Hal McCullough DVM',897),
('dante23@example.net','Sharon','Schultz','60223 Block Manors Apt. 900\nEldaberg, AZ 76437','2003-05-19','cc1d95260c855ceb93646bac531ec29c88e5cc99',688583870,'2018-05-09','Miss Rafaela Weimann V',581),
('dbogisich@example.net','Gavin','Pouros','83437 Aaliyah Squares Apt. 638\nQueenieport, NE 426','2009-07-27','51a7409dd96ec7b68e7e1eb788c237aa9126baed',221734417,'2016-11-24','Eliezer Ankunding',574),
('ebechtelar@example.org','Alta','Rau','4661 Evie Plain Suite 835\nPasqualeton, GA 17924-88','2005-06-11','3d442b6ce83ac8ad2bee2f83f911b118fc8c1d41',522459932,'2043-07-17','Eleazar Nicolas',865),
('ernestina31@example.org','Letitia','Torp','59062 Friesen Pine Suite 014\nScottieside, MI 79136','2002-06-02','788839eaeca9b182ec07d76bffc25b10a23eaa09',512569514,'2023-08-27','Kariane Stroman',478),
('eyost@example.net','Erik','Wintheiser','61227 Bartell Landing Apt. 746\nNorth Luigi, AL 804','2006-04-30','da7929bd8287d595917a2b41ed5f6c692fb9a3e0',318533511,'2035-06-12','Lorena Friesen',968),
('fisher.jordyn@example.com','Celestine','Hahn','852 Hansen Lodge Suite 924\nStracketon, WY 49652-13','2003-11-12','bfa0b668eeeb633147700f3f846e9f46cd1c1dbf',551798331,'2023-09-22','Joaquin Hammes',838),
('fjohns@example.org','Lon','Sawayn','830 Alycia Drive\nOthabury, OH 08566','2010-07-20','1d8d56ffd4280d814aa5e0dcf65994351794b047',580321175,'2027-05-26','Prof. Nathen Labadie IV',737),
('fmueller@example.net','Gideon','Hagenes','383 Sean Shore Apt. 044\nWiltonshire, NE 27598','1987-05-03','eb0d2144a8ee5168db86286ef441e96a7da94ebf',299485694,'2031-09-20','Mrs. Angelica Hettinger',762),
('gaetano73@example.net','Kiera','Strosin','307 Torey Club\nLockmanside, WA 56504-0450','2008-10-25','291c98c6bba03dc5b1701f1abbf9bb74837701df',819228367,'2033-11-21','Dr. Polly Armstrong V',494),
('gkassulke@example.net','Johnathon','Schmidt','1255 Lindsay Spurs\nNew Kattieborough, DC 57065-687','2004-04-12','2167994913a5e650c9b685c7b120dfff55cd6048',288993756,'2041-03-08','Dr. Arden Ruecker',51),
('grady.halle@example.org','Hipolito','Kessler','3047 Guiseppe Estate Apt. 181\nHuelberg, CA 86641','1986-09-26','bca3f1040b68b30e45abdbae82d428565188353a',841532965,'2032-12-02','Elisha Ferry',980),
('grady.rosalind@example.org','Merritt','Russel','5161 Karli Common\nFloridamouth, NE 42595-1152','1999-10-08','65af3396ef5ce2c32ff3b577ec03c722186f8f63',646054826,'2026-06-15','Dr. Elmo Christiansen',443),
('greenholt.claudie@example.net','Alysa','Schuster','03266 Skiles Corners\nNew Janessa, CT 83295','2005-03-10','5653586a137605db7aeb0aa2ecfa62a8cc59cd43',506280729,'2022-07-23','Krystina Effertz',294),
('hand.carmella@example.org','Silas','Pollich','16420 Justice Rest\nNoemyton, NC 02464-6502','1999-08-20','ca1868a42bddb6668ce87719277edf7e3391be9d',574711082,'2021-06-14','Janis Lindgren',405),
('harold.stark@example.com','Maximillian','Borer','098 Bartoletti Turnpike Apt. 089\nPort Keon, WV 457','1987-08-12','1360140d21e056cdce5c9dda985b2da2a88f6bde',625034917,'2044-03-11','Dorthy Maggio II',437),
('herman.greenholt@example.org','Yasmine','Jakubowski','478 Brown Stream\nElsafurt, WI 10385-8176','1981-04-11','156b879b3e1eeff5ede7f19fa781139fb198913b',333968591,'2033-01-01','Ms. Dayana Eichmann MD',38),
('hilario.hackett@example.net','Genesis','Farrell','3039 Schaefer Unions\nEast Stoneside, LA 16163','1997-06-12','eaf08eb74f4bd2ab7770a2879ec77dfc0c1f61a2',578995395,'2026-01-17','Dejuan Jacobi',13),
('hlangosh@example.com','Lula','Conroy','8320 Reilly Extension Suite 478\nKunzefort, CA 4164','2004-08-08','7042a543c48307b4ea874da57caeb53da2a597cf',766260844,'2038-02-15','Shana Pfeffer IV',659),
('isaac44@example.net','Aisha','Wehner','617 Amos Brooks\nNorth Destini, AL 34733-5591','1990-10-14','552a73eb77f9476da156a70ee7fcbad3b528f09b',680766752,'2035-06-19','Mrs. Thalia Fahey DVM',15),
('isac.marquardt@example.org','Janae','Funk','33093 Edd Centers\nLake Ashtyn, AZ 22142','1985-05-11','3036fc605d62449feb32b6354693d7a21dcd225c',819581066,'2019-10-11','Keira Towne',782),
('itrantow@example.org','Aryanna','Monahan','9176 Leannon Creek Suite 256\nJohnsonchester, KY 68','1990-08-21','051df4b1a6c960fec78c7c2f39c3431290ad0139',989712389,'2017-01-02','Thad Borer',909),
('jamal22@example.com','Icie','Ritchie','351 Donnelly Plain Suite 772\nTorphyfort, NV 74425','2009-07-27','30799ce1bc7c1a217579b1ddf7f7b4b3950db378',617412126,'2016-12-06','Prof. Mitchel Conroy',390),
('jazmyne79@example.com','Jovanny','Vandervort','290 Gaylord Cliff Suite 132\nEast Markusberg, LA 16','1988-04-30','3b8ffbbc035f846bea9305d89bc602f1eef8c373',731316155,'2044-12-15','Chloe Boyle II',752),
('jennifer.jakubowski@example.net','Joanny','Legros','30666 Everette Stravenue Apt. 533\nHammesfurt, IL 8','1994-01-10','0832c0e9139f9b6a0aaf8822cd9aed4cd7d9f037',272668430,'2043-01-11','Isabel Wuckert',926),
('johnston.dejuan@example.net','Kobe','Smitham','000 Myah Fields Suite 358\nSammietown, CA 10976','2012-03-10','2bc9411ec4c0d98038d49bce7c57bf2ba8b1381f',625770866,'2044-04-27','Laverna Langosh',688),
('karl.king@example.com','Lysanne','Cormier','80682 Beer River Suite 322\nBeckerborough, OH 47393','1988-03-09','6fe11076a6ca51fc39e89542d9e961e5a009ffb4',438334974,'2016-08-31','Rosalinda Klein',917),
('khaag@example.org','Maria','Labadie','732 OKon Circles Suite 892\nEast Lelaport, CO 2306','2004-07-19','aa5604f66a0b4ad0fc568ba051cd6612e7c2d90b',372986879,'2026-05-18','Cary Shields',541),
('kianna.swift@example.org','Patsy','Rowe','21724 Hegmann Shore\nNorth Xanderville, DE 69372','1998-11-02','19e7ee3cb6f173bc7592d7c0d75780903c9944cd',344428976,'2033-05-03','Luella Murray',778),
('kiel.zulauf@example.com','Augustus','Turner','593 Thiel Prairie Apt. 702\nWuckertburgh, CT 49687','2008-04-05','1fc32184fb74e103402ddaf18ebf21cc353774ea',624754058,'2028-12-02','Robert Franecki',732),
('kory25@example.net','Sean','Pacocha','15553 Bill Green\nAdelamouth, NE 32476','2013-08-21','ca04d3ab66e56e3a676a9285e853283518353b43',154516978,'2040-06-29','Zella Hills',368),
('lawson.von@example.com','Deontae','Abbott','0764 Mayert Brook Suite 660\nKristyberg, FL 79607','1995-07-20','53747202a7f2db46f5f58b7a9b8dedd845677184',192804955,'2033-05-24','Dr. Nya Bernier MD',62),
('lgrady@example.net','Cleta','Smith','955 Damon Cape\nLake Lennafurt, KY 60749-7159','1992-11-12','1563bff514c4cf19ee961ee23e3a18868d866b21',598106095,'2016-05-30','Audie Streich',888),
('madisyn.langworth@example.com','Ashley','Heathcote','36274 Reilly Streets\nWest Cassidyport, DC 17386','2009-04-12','69f927c0d63294f4383251fbef667afbc861a692',841592303,'2022-05-26','Carrie Turcotte',736),
('mikayla.bogisich@example.org','Lulu','Kuphal','45700 Lurline Rue Suite 551\nStreichburgh, WY 58972','2014-09-28','c3955840d8a63c4ed38be9d258e995da344da4cd',536627758,'2017-04-04','Amara Balistreri',502),
('murray69@example.net','Selmer','Rau','571 Orie Lights\nNew Rebashire, WA 15510','2004-12-30','4149d861cbc313afdf822b10266cab54d0aa4545',728837413,'2042-06-06','Jeffrey Leffler II',112),
('mustafa.mohr@example.net','Webster','Mohr','013 Morissette Mountain\nNorth Raymondchester, WY 5','1993-09-02','56ad368a041c9903244d416682d012ded3fd16c1',843663919,'2020-10-28','Ambrose Hermann',309),
('nakia.zieme@example.org','Cassie','Johnson','2532 Cecilia Fork\nLake Caseystad, IL 61496-9258','1981-02-18','f18068fba40a6f5d59ffb1a3b999c376eb800176',789330615,'2042-05-23','Antonetta Ryan',90),
('nasir.feeney@example.org','Aimee','Dach','78067 Weimann Grove\nSauerland, LA 23171','2011-01-13','4c0dae1083c173dd9429f0f6008e9b291333cbf7',774256706,'2017-05-24','Miss Brianne Mann IV',935),
('natasha.abbott@example.com','Ines','Lockman','2880 Spinka Spur\nSouth Marcelina, ID 79583-0547','1997-07-31','dd7e3ac9d03f8fcd76bf0254191755f4013f3a64',536335427,'2030-10-24','Jadyn Ratke DVM',271),
('oconner.tyrel@example.org','Jeffry','OConnell','45131 Orn Manors Suite 304\nNew Lesterborough, UT 4','1995-09-16','df3a2b9e7f85c391dda13bc47f6769354120b438',727157182,'2021-10-13','Marianne Kuvalis DDS',259),
('oreilly.fredrick@example.net','Oswaldo','Goodwin','83380 Oren Junctions\nWest Yolanda, WV 66800-3673','2003-10-18','6496e79c45ac79fb1082d138527ebc3e2a39a022',684997524,'2020-01-10','Clark Rath',433),
('oharber@example.org','Cleora','Nienow','95996 Korbin Manor\nClemmieburgh, PA 10631','1996-06-21','67fd5080caf599efd6afb9f6e166f34df325e729',737226238,'2035-12-03','Miss Neoma Schimmel',949),
('osborne.toy@example.org','Nella','Kuhlman','3136 Hyatt Bridge\nLilyanstad, OK 56574','1992-10-27','7ffa692ca32394f6e46bd321ef9213488fa2e654',337615448,'2019-06-13','Miss Adah Donnelly',328),
('otto41@example.org','Madelyn','Kirlin','2050 Muhammad Place\nKunzeside, DE 88649-4899','1993-12-11','e452a5cac34f412d92504fd094c30ce321eabbb4',332183159,'2017-05-07','Miss Kelli Littel V',402),
('pagac.watson@example.org','Mossie','Goldner','68985 Dicki Hills Suite 955\nKielstad, MD 12787-880','1982-11-23','470268538531aad9241d03a6d5a67c974ca5052e',140837153,'2037-05-11','Mackenzie Balistreri',967),
('parisian.gerhard@example.com','Sincere','Morar','9225 Towne Springs\nPort Vincechester, WV 59802','1985-09-21','76a2e4e288e59780fa5ab5fdc0d0fc2452dcf984',909392523,'2018-05-07','Mr. Brook Okuneva DDS',383),
('pat.jakubowski@example.net','Jany','Wiegand','3878 Axel Alley Suite 314\nPort Desiree, ND 28370-0','2011-05-12','df10061a779086828fcad27e405c11f5c101e61e',167409693,'2042-11-29','Janiya Murazik',743),
('pete.powlowski@example.net','Jermain','OKeefe','908 Donnelly Fords Suite 397\nPort Archfort, AK 204','2013-01-31','5bae72c08194d4b386e8c87324dda5d9db05d80b',586001871,'2040-04-09','Michaela Larson',98),
('pete71@example.com','Easton','Mante','7971 Cali Forges\nWest Aminastad, WA 84570','1993-07-04','466fffa51d15670a939786b3324cfb1bc8b16c1e',103964396,'2036-01-24','Prof. Murphy Cummerata',380),
('peter35@example.net','Candelario','Raynor','978 Kristopher Landing\nNew Keltonborough, SC 58011','2005-09-11','4dd031a5db9bc332f103cd68b4bfb892b88e54d7',543464867,'2044-10-24','Osbaldo Koss PhD',352),
('plebsack@example.net','Misty','Macejkovic','656 Raphaelle Port Apt. 282\nWest Murphyton, SC 086','1983-06-13','05da0ab710816ad928b3d3aaff0811d6893a86d8',914976042,'2016-10-06','Miss Bella Collins',826),
('qgrimes@example.org','Stone','Schroeder','0208 Bartell Lock Suite 680\nMargaretland, WA 81200','1996-05-25','5fe2fc144cdccab993565e06329d5ff2e7fd7e55',818093437,'2017-05-07','Mustafa Dickinson III',953),
('qmuller@example.net','Rosie','Thiel','4710 Rafaela Summit\nChristiansenfurt, IN 19150','2012-04-02','b2b73eaf85af0a6d29ef16c21c0c1dcb7eb0a180',996273105,'2022-11-20','Zechariah Stanton',6),
('rafael.moen@example.net','Gisselle','Hartmann','1711 Thomas Forks\nEast Jerometown, CA 93328-6999','1988-02-08','9272269dcef182dd2edd201436527312c2e01fce',154520366,'2019-01-13','Pietro McKenzie II',66),
('raynor.mikayla@example.com','Geoffrey','Jacobs','4919 Vincent Trafficway\nWest Pete, CA 42318','1990-02-08','f1173bdc961ecfdaecf8f1a1d5bc5baded76976d',878858997,'2037-10-11','Mrs. Kayli OKeefe Sr.',531),
('reilly.waelchi@example.com','Romaine','Schulist','7625 Baumbach Inlet\nBerylstad, HI 28099-8455','2003-06-18','3d9af1cff30bbc9a764c418283dfeb19457544ce',319745842,'2040-06-16','Saige Kuvalis PhD',396),
('renner.howard@example.org','Lucile','Miller','629 Lehner Spring\nReynoldsville, MO 57775','2009-12-10','3b3d72fb32c4e03f3b67c88999ff1fcbe2b1d3fb',991243408,'2037-05-09','Mae Schulist',232),
('retha61@example.org','Orion','Kozey','0541 Antonietta Landing\nEast Stephanymouth, OR 442','1994-07-09','8ab850bd4483566cf56bef50f693875a6b5ca33e',521737557,'2038-08-04','Prof. Derrick Douglas Sr.',326),
('rmarvin@example.com','Wilford','Schultz','73308 Lynch Court Suite 855\nCandelarioburgh, CO 40','2002-01-18','bbe33177459df9a3e5c4cbaa2e43ffe057a9235c',329686571,'2037-04-29','Colby Kemmer',995),
('roberts.antonio@example.org','Audrey','Kuvalis','24918 Glenda Crossroad\nWest Thereseberg, NY 79878-','2004-06-23','d6547d8404009a61688ec1d28abba7773ef47516',329990195,'2033-03-01','Prof. Paolo Kuhic V',828),
('rolfson.bartholome@example.org','Nyah','Raynor','04925 Lue Stravenue Apt. 646\nEast Milo, NV 80438','2001-12-05','0c3cf244a384e9004a8345d4e717faa032a62e10',539639515,'2025-07-31','Kelley Feil',753),
('rosanna.oreilly@example.org','Olin','Muller','34281 Leonard Fork\nPort Giovani, VA 49973-9431','2007-11-01','2f0b14d5828c7b4c50b6368b42dc02243bc37e9d',951123548,'2041-03-16','Alberto Berge II',837),
('rozella.bernier@example.com','Roy','Gorczany','0896 Meta Freeway Apt. 862\nPort Raqueltown, ND 723','2011-01-13','efe7cb5b988281bbea4f7400cfb36877b64dfd29',309554699,'2026-09-06','Valentin Thiel',940),
('rubie.wisozk@example.com','Noemi','Thompson','652 Stuart Gardens\nWest Shaina, AR 62190-0053','1996-11-13','9f45252bfe1acd88205605846210f8059804a263',249433594,'2044-08-11','Emmie Mertz Sr.',201),
('runte.natasha@example.com','Gracie','Bernhard','793 River Trace Apt. 297\nNew Mayraport, LA 74313','1993-06-30','03b8b89025a268f6414851f03b0e520e5afbd2ab',726720475,'2041-06-11','Jared Cummings',293),
('schmitt.francesca@example.net','Sophie','Crooks','8693 Alvera Mountains Suite 147\nStehrside, IN 5710','2014-09-19','1e69aecc7ca3be511395df82dbcc5b79271e880a',329613894,'2022-08-14','Tyrell Feest',558),
('scotty.lakin@example.org','Alana','Ruecker','85740 Linnea Branch\nManleyborough, LA 74784','2007-01-13','b7b17a375dc9e8e0a805401a5f27870b1642aed5',535821496,'2038-12-11','Dr. Trinity Will',33),
('shanahan.adrain@example.org','Joey','Schowalter','2187 Orlo Forge\nFeilbury, NJ 52680-1764','1995-12-22','11c7843a046248df53c57d7742ee5cd3f184d0a0',390651772,'2023-08-01','Travon Cronin',745),
('simeon.ortiz@example.net','Octavia','Murray','5918 Lubowitz Point Apt. 560\nZboncakland, PA 63798','1999-06-25','66852496409835644f4a207f2d7500ba5c14a718',186279546,'2019-01-14','Prof. Jamison Steuber I',841),
('spinka.alysha@example.com','Alfonso','Nicolas','12479 Terry Mill Apt. 265\nEast Erlingville, CO 442','1995-11-15','df2aede4d525f27bb10e07c34574743ae3941152',385819211,'2039-10-25','Prof. Cooper Schowalter',744),
('susana.sauer@example.com','Cali','Ledner','44117 Alison Bypass\nLake Hosea, TN 15397-6135','2003-12-27','c6a53053eeae3cafd62d345ef25b836245b113b2',360521220,'2020-05-05','Prof. Luther Beahan II',166),
('thompson.abe@example.org','Ava','Bosco','346 Pouros Fords Suite 477\nPort Maude, VA 19807-25','1982-08-09','f66e4cf8a40570f6a0fc88ce2d00a79444186751',704447583,'2036-04-04','Mary McKenzie I',59),
('tyshawn.lemke@example.com','Alanna','Jenkins','65435 Nitzsche Center Apt. 135\nDionshire, NJ 00991','1987-04-09','9a5634a4f5e8d3044ff9bf75d843d257dfe87846',108869203,'2033-06-18','Rosa Farrell IV',674),
('uweissnat@example.org','Alba','Stroman','9698 Mauricio Trail Suite 545\nNorth Myra, CT 61373','2014-03-17','2153d1d4386e3bf8795726e31933efb713a3cb40',387740633,'2031-01-12','Prof. Eldridge Grant V',254),
('warren.rippin@example.com','Patricia','Fahey','523 Beatty Harbors\nAbigaylechester, NJ 86416-4099','2014-02-27','3d5c0a79436212e7b66ebf33e12eff52eb986619',761998589,'2042-07-02','Tania Huel',823),
('watsica.kyleigh@example.com','Nikita','Feil','40039 Lind Stream Apt. 798\nLaurianeberg, HI 21993','1985-01-01','38760357d2c08d9a805b754d52a862be95a7336d',523899670,'2033-01-28','Dr. Luciano Block',126),
('wcorkery@example.com','Abner','Hickle','815 Mann Shoal Suite 137\nLake Cristalchester, NE 8','1983-11-27','dec61bd2ef76532a2b9335318dd6459c60986fe3',442062277,'2036-12-15','Verona McDermott',688),
('weber.anibal@example.org','Giovanni','Nicolas','72323 Beer Ridge Apt. 812\nDorotheastad, AZ 86277-5','2000-12-11','30fac0709db6fa290009bc66326f2fd5fb121e67',774237535,'2040-07-18','Cristal Gleichner V',7),
('wehner.laura@example.org','Deja','Douglas','0537 Connie Inlet\nJosefinaburgh, MS 21292-1187','1990-05-29','1940ab662542b0c3d97cda53dafb36286a788bfb',933515699,'2041-03-26','Maureen Hahn II',232),
('wilford85@example.org','Kaylee','Howell','483 Annalise Row Suite 912\nEast Mitchellside, WI 4','2015-03-08','b0de5678c22d22051b9c009e56a797cb46a692d2',146951945,'2020-01-21','Hortense Ward',933),
('xvonrueden@example.net','Mabelle','Lehner','78303 Legros Pines\nNorth Tatehaven, MS 09364','1984-10-24','653dc954065a7d55873c4f4f47b1c43c82e12658',614855013,'2026-12-30','Nikita Tillman',771),
('ytromp@example.com','Baylee','Littel','75649 Leann Spurs Apt. 556\nNew Hannahstad, MS 3589','1980-06-13','8812efc0707abcd02360d0c349a27ca3e246cf60',732074632,'2036-12-25','Jan OReilly',388),
('zankunding@example.com','Minnie','Brown','111 Francis Ways\nNew Octaviamouth, AZ 97308-5351','1990-05-31','842c3ff82226c2e40d5746697dd0e732baba1000',527544808,'2042-11-29','Dr. Roselyn Bergnaum II',372);



INSERT INTO Admin VALUES
('braulio83@example.net'),
('cristal.wunsch@example.net'),
('dickens.johnson@example.com'),
('dmetz@example.com'),
('flatley.anais@example.org');


INSERT INTO Buyer VALUES
('braulio83@example.net'),
('cristal.wunsch@example.net'),
('dmetz@example.com'),
('gregory06@example.net'),
('norris.gottlieb@example.org'),
('ostrosin@example.org');


INSERT INTO Seller VALUES
('dickens.johnson@example.com'),
('norris.gottlieb@example.org'),
('shawna46@example.net'),
('tabitha36@example.com'),
('tfunk@example.com'),
('akilback@example.com'),
('amina70@example.net'),
('bmiller@example.org'),
('bparisian@example.com'),
('brenna82@example.net'),
('brown.nelle@example.org'),
('camilla77@example.org'),
('cbartell@example.org'),
('christy.spencer@example.net'),
('cicero08@example.org'),
('clara.zulauf@example.org'),
('cristobal95@example.org'),
('dante23@example.net'),
('dbogisich@example.net'),
('ebechtelar@example.org'),
('ernestina31@example.org'),
('eyost@example.net'),
('fisher.jordyn@example.com'),
('fjohns@example.org'),
('gaetano73@example.net'),
('gkassulke@example.net'),
('grady.halle@example.org'),
('grady.rosalind@example.org'),
('hand.carmella@example.org'),
('herman.greenholt@example.org'),
('hlangosh@example.com'),
('isaac44@example.net'),
('itrantow@example.org'),
('johnston.dejuan@example.net'),
('khaag@example.org'),
('kianna.swift@example.org'),
('kory25@example.net'),
('murray69@example.net'),
('mustafa.mohr@example.net'),
('nakia.zieme@example.org'),
('nasir.feeney@example.org'),
('oreilly.fredrick@example.net'),
('oharber@example.org'),
('pagac.watson@example.org'),
('pete.powlowski@example.net'),
('peter35@example.net'),
('plebsack@example.net'),
('qgrimes@example.org'),
('raynor.mikayla@example.com'),
('renner.howard@example.org'),
('rmarvin@example.com'),
('rosanna.oreilly@example.org'),
('rozella.bernier@example.com'),
('rubie.wisozk@example.com'),
('schmitt.francesca@example.net'),
('scotty.lakin@example.org'),
('shanahan.adrain@example.org'),
('simeon.ortiz@example.net'),
('spinka.alysha@example.com'),
('susana.sauer@example.com'),
('thompson.abe@example.org'),
('tyshawn.lemke@example.com'),
('uweissnat@example.org'),
('watsica.kyleigh@example.com'),
('wcorkery@example.com'),
('xvonrueden@example.net'),
('zankunding@example.com');

INSERT INTO Post (creationDate, status, email) VALUES
('2025-01-12','open','dickens.johnson@example.com'),
('2021-12-09','open','norris.gottlieb@example.org'),
('2021-02-26','archived','shawna46@example.net'),
('2021-12-08','deleted','tabitha36@example.com'),
('2023-08-11','open','tfunk@example.com'),
('2023-04-30','open','dickens.johnson@example.com'),
('2023-12-28','open','norris.gottlieb@example.org'),
('2022-05-11','open','shawna46@example.net'),
('2021-08-30','open','tabitha36@example.com'),
('2021-04-15','open','tfunk@example.com');



INSERT INTO Auction VALUES
(1,989,'2025-05-16'),
(2,253,'2025-08-01'),
(3,231,'2025-07-13'),
(4,748,'2026-01-11'),
(5,948,'2025-11-19');


INSERT INTO Cart VALUES
('braulio83@example.net',0),
('cristal.wunsch@example.net',0),
('dmetz@example.com',0),
('gregory06@example.net',0),
('norris.gottlieb@example.org',0),
('ostrosin@example.org',0);

INSERT INTO Card VALUES
(1,'consequatur','Quia laboriosam maiores est quaerat et occaecati recusandae optio rem ad ullam et.','laboriosam',3,4,46.01),
(2,'est','Commodi libero voluptas asperiores ut perferendis commodi perferendis fugiat aliquid velit voluptate','numquam',1,4,27.74),
(3,'quam','Sapiente dignissimos molestiae amet fugiat dicta dolorem hic ut nobis itaque eligendi dicta debitis ','quia',4,2,85.36),
(4,'quam','Ipsam velit hic consequatur eum dolor aut quia quaerat enim optio dolorem minima velit velit suscipi','facilis',3,5,378.34),
(5,'sed','Itaque et sunt rerum minus rerum ratione dolores labore vero est quam voluptas repellendus doloribus','sed',3,6,67.01),
(6,'at','Itaque quasi et sed numquam facilis ipsa voluptatem eos ab quos quaerat esse illo ut quia quas odit ','est',2,1,47.01),
(7,'qui','Est asperiores iure recusandae deserunt blanditiis sit optio totam sint voluptatem et omnis nostrum ','consequatur',2,4,98.42),
(8,'earum','Dolorem non repellat deserunt cum nemo quidem quas enim modi ullam et beatae possimus accusantium ve','sit',5,7,52.01),
(9,'voluptatem','Eos culpa sapiente earum nihil iste et culpa aut veniam sint et ullam molestiae hic consequatur sapi','a',2,1,4.54),
(10,'nesciunt','Repellendus qui sequi corporis a quia modi qui soluta iusto architecto similique eveniet incidunt re','odit',5,1,63.74);

INSERT INTO Wishlist VALUES
('braulio83@example.net'),
('cristal.wunsch@example.net'),
('dickens.johnson@example.com'),
('dmetz@example.com'),
('flatley.anais@example.org'),
('gregory06@example.net'),
('jody41@example.com'),
('kali43@example.com'),
('kiara.block@example.com'),
('marcia12@example.org'),
('norris.gottlieb@example.org'),
('ostrosin@example.org'),
('shawna46@example.net'),
('tabitha36@example.com'),
('tfunk@example.com');


INSERT INTO Order VALUES
('A illo soluta dolores. Ea similique cumque qui.','ostrosin@example.org','canceled'),
('Accusantium et fuga et. Hic quis est omnis sit eveniet. Veniam distinctio perspiciatis enim.','cristal.wunsch@example.net','completed'),
('Aut qui esse ratione et nam amet. Fugit incidunt similique est voluptas nulla.','gregory06@example.net','pending'),
('Numquam neque cupiditate iusto ut eveniet voluptas. Vel quis nemo laborum aut consequatur fuga.','dmetz@example.com','canceled'),
('Quae illo reiciendis in. Saepe quaerat est adipisci quasi placeat. Cupiditate at accusantium qui.','braulio83@example.net','completed');


INSERT INTO Review (reviewScore, description, reviewDate, sellerEmail, postId, buyerEmail, receipt) VALUES
(5,'Necessitatibus quia est totam porro libero numquam','2026-01-03','dickens.johnson@example.com',1,'braulio83@example.net','A illo soluta dolores. Ea similique cumque qui.'),
(2,'Est et autem quo neque autem perferendis fugit pro','2026-11-10','norris.gottlieb@example.org',2,'cristal.wunsch@example.net','Accusantium et fuga et. Hic quis est omnis sit eveniet. Veniam distinctio perspiciatis enim.'),
(2,'Ratione ratione repellendus libero veniam veniam n','2027-01-17','shawna46@example.net',3,'dmetz@example.com','Aut qui esse ratione et nam amet. Fugit incidunt similique est voluptas nulla.'),
(5,'Omnis eos qui consequatur consectetur repellendus ','2025-04-15','tabitha36@example.com',4,'gregory06@example.net','Numquam neque cupiditate iusto ut eveniet voluptas. Vel quis nemo laborum aut consequatur fuga.'),
(1,'Non voluptatem magni eos nihil quia aut error ut.','2025-12-01','tfunk@example.com',5,'ostrosin@example.org','Quae illo reiciendis in. Saepe quaerat est adipisci quasi placeat. Cupiditate at accusantium qui.');

INSERT INTO Bids VALUES
('braulio83@example.net',1,15916694),
('cristal.wunsch@example.net',2,190012253),
('dmetz@example.com',3,2038),
('gregory06@example.net',4,24),
('ostrosin@example.org',5,500);


-- add includes here

INSERT INTO Includes VALUES
('dickens.johnson@example.com',1,'consequatur','laboriosam',3),
('norris.gottlieb@example.org',2,'est','numquam',1),
('shawna46@example.net',3,'quam','quia',4),
('tabitha36@example.com',4,'quam','facilis',3),
('tfunk@example.com',5,'sed','sed',3),
('dickens.johnson@example.com',6,'at','est',2),
('norris.gottlieb@example.org',7,'qui','consequatur',2),
('shawna46@example.net',8,'earum','sit',5),
('tabitha36@example.com',9,'voluptatem','a',2),
('tfunk@example.com',10,'nesciunt','odit',5);


INSERT INTO Belongs VALUES
('braulio83@example.net',1),
('cristal.wunsch@example.net',2),
('dmetz@example.com',3),
('gregory06@example.net',4),
('ostrosin@example.org',5);


INSERT INTO Checks VALUES
(1,'braulio83@example.net','dickens.johnson@example.com',1),
(2,'cristal.wunsch@example.net','norris.gottlieb@example.org',2),
(3,'dickens.johnson@example.com','shawna46@example.net',3),
(4,'dmetz@example.com','tabitha36@example.com',4),
(5,'flatley.anais@example.org','tfunk@example.com',5);


INSERT INTO Contains VALUES
('A illo soluta dolores. Ea similique cumque qui.',1),
('Accusantium et fuga et. Hic quis est omnis sit eveniet. Veniam distinctio perspiciatis enim.',2),
('Aut qui esse ratione et nam amet. Fugit incidunt similique est voluptas nulla.',3),
('Numquam neque cupiditate iusto ut eveniet voluptas. Vel quis nemo laborum aut consequatur fuga.',4),
('Quae illo reiciendis in. Saepe quaerat est adipisci quasi placeat. Cupiditate at accusantium qui.',5);


INSERT INTO Moderates VALUES
(1,'braulio83@example.net'),
(2,'cristal.wunsch@example.net'),
(3,'dickens.johnson@example.com'),
(4,'dmetz@example.com'),
(5,'flatley.anais@example.org');